<?xml version="1.0" encoding="UTF-8"?><!--
- Licensed Materials - Property of IBM Corp.
- IBM UrbanCode Build
- (c) Copyright IBM Corporation 2012, 2014. All Rights Reserved.
-
- U.S. Government Users Restricted Rights - Use, duplication or disclosure restricted by
- GSA ADP Schedule Contract with IBM Corp.
--><pluginInfo>
  <!-- Do not change the release-version, the build process injects it. -->
  <release-version>5.669681</release-version>  

  <release-notes>
    <!--
      **release-note IS required**

      The plugin-version name must match the plugin version found in the plugin.xml file

      The release-note should document the changes, improvements, or bug fixes introduced
      with the new plugin version

      The release-note may contain text or reference a file in the plugin zip package

      For example your release note could be:
      Support for was added for version 10.0 for software X
      or
      releaseNotes/release1.html (where release1.html contains html formatted version information)
      -->

    <release-note plugin-version="1">
      Installing this plugin will give you access to the AccuRev commands listed below. These steps will be available for use when designing a Job.
    </release-note>
    
    <release-note plugin-version="2">
      Installing this plugin will give you access to the AccuRev commands listed below. These steps will be available for use when designing a Job.
    </release-note>
    
    <release-note plugin-version="3">
      Update to a newer version of a library for HTTP communication.
    </release-note>

    <release-note plugin-version="4">
      Fixed an issue where communication with the UrbanCode Build server would fail if it was running with an IBM JDK/JRE.
    </release-note>

    <release-note plugin-version="5">
      Updated to append the depot name to all change IDs. This prevents an issue where multiple depots can have the
      same change ID causing issues to get picked up for depots that do not contain them.
    </release-note>

  </release-notes>
</pluginInfo>